0,1,2,3,4,5,6,7,8
1771503092.3278735,0.0,0.0,0.0,0.0,76.04872131347656,369.60247802734375,1.9598222970962524,0.0
1771503092.3500302,0.0,0.0,0.0,0.0,75.91848754882812,369.47601318359375,1.8424397706985474,0.0
1771503092.3722177,0.0,0.0,0.0,0.0,75.81145477294922,369.4909973144531,1.7234163284301758,0.0
1771503092.3910122,0.0,0.0,0.0,0.0,75.7728500366211,369.472412109375,1.8419216871261597,0.0
1771503092.4082403,0.0,0.0,0.0,0.0,75.76087188720703,369.9715576171875,1.9070522785186768,0.0
1771503092.4245796,0.0,0.0,0.0,0.0,75.74156951904297,370.57794189453125,1.9375276565551758,0.0
1771503092.4432745,0.0,0.0,0.0,0.0,75.7089614868164,371.0054931640625,1.9195938110351562,0.0
1771503092.4612324,0.0,0.0,0.0,0.0,75.65391540527344,371.4794616699219,2.097564697265625,0.0
1771503092.4886267,0.0,0.0,0.0,0.0,75.57018280029297,371.47662353515625,2.172257900238037,0.0
1771503092.508275,0.0,0.0,0.0,0.0,75.49349212646484,371.109130859375,2.110349178314209,0.0
1771503092.52506,0.0,0.0,0.0,0.0,75.5171127319336,371.0884094238281,2.1516201496124268,0.0
1771503092.5520697,0.0,0.0,0.0,0.0,75.55376434326172,370.7718505859375,2.386803150177002,0.0
1771503092.5745845,0.0,0.0,0.0,0.0,75.53921508789062,370.2031555175781,2.4165430068969727,0.0
1771503092.5932727,0.0,0.0,0.0,0.0,75.56958770751953,369.91961669921875,2.357114791870117,0.0
1771503092.6202047,0.0,0.0,0.0,0.0,75.63652038574219,369.73150634765625,2.324327230453491,0.0
1771503092.642712,0.0,0.0,0.0,0.0,75.80286407470703,369.5629577636719,2.3371381759643555,0.0
1771503092.6603973,0.0,0.0,0.0,0.0,76.0254135131836,369.61517333984375,2.3759992122650146,0.0
1771503092.6892488,0.0,0.0,0.0,0.0,76.11778259277344,369.6734619140625,2.358649730682373,0.0
1771503092.710237,0.0,0.0,0.0,0.0,76.24361419677734,370.1231689453125,2.364513635635376,0.0
1771503092.7275422,0.0,0.0,0.0,0.0,76.39532470703125,370.3487854003906,2.4095001220703125,0.0
1771503092.756087,0.0,0.0,0.0,0.0,76.61296081542969,370.4405517578125,2.487316131591797,0.0
1771503092.77712,0.0,0.0,0.0,0.0,76.83704376220703,370.82830810546875,2.5021209716796875,0.0
1771503092.7987266,0.0,0.0,0.0,0.0,77.03024291992188,371.43511962890625,2.5903165340423584,0.0
1771503092.8245494,0.0,0.0,0.0,0.0,77.14186096191406,371.9424133300781,2.64471697807312,0.0
1771503092.8442194,0.0,0.0,0.0,0.0,77.17874908447266,372.4708557128906,2.673862934112549,0.0
1771503092.8712351,0.0,0.0,0.0,0.0,77.20777130126953,372.9228210449219,2.7422351837158203,0.0
1771503092.8938186,0.0,0.0,0.0,0.0,77.22264099121094,373.118896484375,2.9078493118286133,0.0
1771503092.9116445,0.0,0.0,0.0,0.0,77.22189331054688,373.0635070800781,3.0181052684783936,0.0
1771503092.9402137,0.0,0.0,0.0,0.0,77.2271728515625,373.2524719238281,3.088214635848999,0.0
1771503092.9587688,0.0,0.0,0.0,0.0,77.17415618896484,373.10546875,3.2981231212615967,0.0
1771503092.9830573,0.0,0.0,0.0,0.0,77.16653442382812,372.99359130859375,3.5061166286468506,0.0
1771503093.0050848,0.0,0.0,0.0,0.0,77.1534423828125,373.3494873046875,3.611212730407715,0.0
1771503093.024975,0.0,0.0,0.0,0.0,77.13762664794922,373.6138610839844,3.751845598220825,0.0
1771503093.0525272,0.0,0.0,0.0,0.0,77.12580108642578,373.76080322265625,3.933847665786743,0.0
1771503093.0732863,0.0,0.0,0.0,0.0,77.0386962890625,373.45220947265625,4.155436038970947,0.0
1771503093.094926,0.0,0.0,0.0,0.0,77.0294189453125,373.25848388671875,4.413391590118408,0.0
1771503093.1234944,0.0,0.0,0.0,0.0,77.0125503540039,372.8803405761719,4.545095920562744,0.0
1771503093.1417396,0.0,0.0,0.0,0.0,77.01261138916016,372.5388488769531,4.751561164855957,0.0
1771503093.1681213,0.0,0.0,0.0,0.0,77.07139587402344,372.5611877441406,4.857841968536377,0.0
1771503093.1917593,0.0,0.0,0.0,0.0,77.1989974975586,372.86444091796875,5.0595221519470215,0.0
1771503093.21139,0.0,0.0,0.0,0.0,77.3427963256836,373.2926025390625,5.376534461975098,0.0
1771503093.2400477,0.0,0.0,0.0,0.0,77.40460205078125,373.557373046875,5.6126813888549805,0.0
1771503093.2591424,0.0,0.0,0.0,0.0,77.54988098144531,374.0228576660156,5.868037223815918,0.0
1771503093.278597,0.0,0.0,0.0,0.0,77.7415771484375,374.5218505859375,5.986788272857666,0.0
1771503093.3072653,0.0,0.0,0.0,0.0,77.81721496582031,375.2121887207031,6.177067279815674,0.0
1771503093.3286161,0.0,0.0,0.0,0.0,77.88017272949219,375.6396789550781,6.236607074737549,0.0
1771503093.350425,0.0,0.0,0.0,0.0,77.97268676757812,375.9219970703125,6.269410133361816,0.0
1771503093.3744576,0.0,0.0,0.0,0.0,77.96370697021484,376.0370788574219,6.2313456535339355,0.0
1771503093.3937495,0.0,0.0,0.0,0.0,77.92858123779297,376.0071716308594,6.251618385314941,0.0
1771503093.418633,0.0,0.0,0.0,0.0,77.93211364746094,375.9457702636719,6.310490131378174,0.0
1771503093.4413855,0.0,0.0,0.0,0.0,77.94833374023438,375.9537048339844,6.363203525543213,0.0
1771503093.460426,0.0,0.0,0.0,0.0,77.95960235595703,375.927978515625,6.4221014976501465,0.0
1771503093.4853444,0.0,0.0,0.0,0.0,77.95789337158203,376.02423095703125,6.431550979614258,0.0
1771503093.5085235,0.0,0.0,0.0,0.0,77.90391540527344,376.1764221191406,6.463625431060791,0.0
1771503093.5265477,0.0,0.0,0.0,0.0,77.88391876220703,376.38238525390625,6.53947114944458,0.0
1771503093.5554974,0.0,0.0,0.0,0.0,77.89591217041016,376.3633728027344,6.593243598937988,0.0
1771503093.5753293,0.0,0.0,0.0,0.0,77.93196105957031,376.354736328125,6.69725227355957,0.0
1771503093.6020608,0.0,0.0,0.0,0.0,77.89322662353516,376.1051025390625,6.5716071128845215,0.0
1771503093.624693,0.0,0.0,0.0,0.0,77.7747573852539,375.78753662109375,6.523001670837402,0.0
1771503093.647906,0.0,0.0,0.0,0.0,77.69368743896484,374.8080139160156,6.759800434112549,0.0
1771503093.673611,0.0,0.0,0.0,0.0,77.72747802734375,372.8059997558594,7.343706130981445,0.0
1771503093.6902795,0.0,0.0,0.0,0.0,77.80632019042969,369.4205627441406,8.127791404724121,0.0
1771503093.7101195,0.0,0.0,0.0,0.0,77.99651336669922,364.75067138671875,8.652277946472168,0.0
1771503093.7266314,0.0,0.0,0.0,0.0,78.27790069580078,359.6117858886719,9.208948135375977,0.0
1771503093.743944,0.0,0.0,0.0,0.0,78.35932159423828,354.1337585449219,9.40358829498291,0.0
1771503093.7610135,0.0,0.0,0.0,0.0,77.8812484741211,347.78350830078125,9.793058395385742,0.0
1771503093.7800226,0.0,0.0,0.0,0.0,77.04816436767578,340.439697265625,10.317521095275879,0.0
1771503093.7976267,0.0,0.0,0.0,0.0,76.23074340820312,333.7818298339844,10.874035835266113,0.0
1771503093.8191605,0.0,0.0,0.0,0.0,75.3917465209961,327.3087158203125,11.355562210083008,0.0
1771503093.8339295,0.0,0.0,0.0,0.0,74.7267837524414,321.0670471191406,11.53006362915039,0.0
1771503093.8526723,0.0,0.0,0.0,0.0,74.1687240600586,314.82666015625,11.612733840942383,0.0
1771503093.8719392,0.0,0.0,0.0,0.0,74.07586669921875,309.31219482421875,11.766318321228027,0.0
1771503093.890444,0.0,0.0,0.0,0.0,74.06524658203125,303.7261657714844,11.84520149230957,0.0
1771503093.9080167,0.0,0.0,0.0,0.0,74.41038513183594,298.5679931640625,12.01089096069336,0.0
1771503093.925071,0.0,0.0,0.0,0.0,74.683349609375,293.84576416015625,12.064278602600098,0.0
1771503093.9413292,0.0,0.0,0.0,0.0,74.86389923095703,289.1081848144531,12.084951400756836,0.0
1771503093.9576936,0.0,0.0,0.0,0.0,74.92316436767578,283.90277099609375,12.048199653625488,0.0
1771503093.9754465,0.0,0.0,0.0,0.0,75.30229949951172,280.05133056640625,12.502270698547363,0.0
1771503093.9944155,0.0,0.0,0.0,0.0,75.52228546142578,275.27880859375,13.146346092224121,0.0
1771503094.0124412,0.0,0.0,0.0,0.0,75.81326293945312,270.0135803222656,13.799162864685059,0.0
1771503094.02695,0.0,0.0,0.0,0.0,76.20986938476562,264.9747009277344,14.072189331054688,0.0
1771503094.0453842,0.0,0.0,0.0,0.0,76.99458312988281,259.50439453125,15.231606483459473,0.0
1771503094.060815,0.0,0.0,0.0,0.0,77.72517395019531,253.89669799804688,16.020355224609375,0.0
1771503094.0756197,0.0,0.0,0.0,0.0,78.66864776611328,247.9709930419922,17.395654678344727,0.0
1771503094.0925477,0.0,0.0,0.0,0.0,79.71477508544922,242.27296447753906,18.963733673095703,0.0
1771503094.1103606,0.0,0.0,0.0,0.0,80.47212982177734,235.45433044433594,20.59404754638672,0.0
1771503094.1300108,0.0,0.0,0.0,0.0,81.25032043457031,228.9487762451172,21.85385513305664,0.0
1771503094.1458385,0.0,0.0,0.0,0.0,82.07627868652344,222.5900421142578,22.74590492248535,0.0
1771503094.162666,0.0,0.0,0.0,0.0,82.48200988769531,215.33619689941406,22.719270706176758,0.0
1771503094.1817179,0.0,0.0,0.0,0.0,82.89547729492188,208.08670043945312,22.491865158081055,0.0
1771503094.1988535,-61.39908218383789,175.7338409423828,7.571801662445068,0.11814577132463455,82.84651947021484,200.73983764648438,22.940631866455078,0.0
1771503094.2183373,-60.810054779052734,166.84471130371094,8.041991233825684,0.0,82.75682830810547,193.82949829101562,22.61684799194336,0.0
1771503094.2347822,-60.34563064575195,157.80479431152344,6.758935928344727,0.0,82.48685455322266,187.01907348632812,21.71460723876953,0.0
1771503094.2530808,-59.22142791748047,148.83609008789062,3.8705766201019287,0.03215093910694122,82.04447937011719,179.9990234375,22.414445877075195,0.0
1771503094.270067,-58.65620040893555,140.9097442626953,2.544994354248047,0.0,81.82527923583984,173.8181610107422,22.3018741607666,0.0
1771503094.2894936,-57.932518005371094,132.70724487304688,2.1528518199920654,0.0,81.24117279052734,167.3240966796875,21.688751220703125,0.0
1771503094.306495,-57.59123229980469,126.08502960205078,3.778414011001587,0.0,80.47345733642578,160.07530212402344,21.239147186279297,0.0
1771503094.3234894,-57.079139709472656,120.75763702392578,3.982865571975708,0.0,80.10205078125,152.40151977539062,21.76395034790039,0.0
1771503094.3429322,-56.2750129699707,113.31299591064453,4.755568981170654,0.0,79.46881103515625,145.36563110351562,20.899648666381836,0.0
1771503094.359331,-54.482696533203125,107.23632049560547,2.769239902496338,0.0,78.60282135009766,138.6210479736328,17.822406768798828,0.0
1771503094.3736496,-51.62897872924805,98.6253433227539,-4.259934425354004,0.0,77.0192642211914,132.5069122314453,15.71066665649414,0.0
1771503094.3920958,-51.55776596069336,95.53231048583984,-4.42128849029541,0.0,72.5077133178711,119.95050811767578,12.957756042480469,0.0
1771503094.4100597,-51.90529251098633,92.36392974853516,-5.805642604827881,0.0,68.98067474365234,108.94090270996094,11.393582344055176,0.0
1771503094.4257314,-51.62990951538086,86.03648376464844,-7.624223709106445,0.0,69.20061492919922,101.83100128173828,10.153960227966309,0.0
1771503094.4424615,-50.133201599121094,84.20306396484375,-8.066476821899414,0.0,69.19595336914062,97.24990844726562,10.953923225402832,0.0
1771503094.458574,-51.773902893066406,78.79701232910156,-8.857765197753906,0.0,69.7491455078125,92.36194610595703,10.226445198059082,0.0
1771503094.477184,-52.34821319580078,74.50927734375,-7.539011001586914,0.0,69.8451919555664,86.88631439208984,9.010886192321777,0.0
1771503094.4925096,-51.637939453125,71.71283721923828,-6.086055755615234,0.05023415386676788,72.65365600585938,83.16851043701172,11.15434455871582,0.0
1771503094.510216,-52.64955139160156,68.1857681274414,-3.310513496398926,0.2968500554561615,75.68901062011719,82.13629150390625,13.392735481262207,0.0
1771503094.5268767,-51.10348892211914,65.95755004882812,-4.044833183288574,0.1484982818365097,76.53108978271484,79.56221771240234,14.263107299804688,0.0
1771503094.5434954,-53.0175666809082,62.58192825317383,-1.7848529815673828,0.0,76.99403381347656,77.41462707519531,16.299270629882812,0.0
1771503094.5615969,-50.71707534790039,61.88729476928711,-6.897813320159912,0.0,77.48534393310547,75.1300277709961,15.843212127685547,0.0
1771503094.5789633,-51.1060905456543,56.80509567260742,-7.343321323394775,0.0,77.7932357788086,72.93524169921875,14.463501930236816,0.0
1771503094.5959687,-49.61607360839844,55.988319396972656,-8.902100563049316,0.0,78.42900848388672,70.85574340820312,15.202851295471191,0.0
1771503094.615056,-48.07019805908203,51.292518615722656,-6.283125877380371,0.0,78.35747528076172,70.34947967529297,13.34777545928955,0.0
1771503094.6307454,-51.573486328125,48.81988525390625,-2.2494256496429443,0.0,77.88092803955078,69.40882110595703,13.016716003417969,0.0
1771503094.650469,-55.59052276611328,51.587127685546875,-0.07273583859205246,0.0,77.6026611328125,68.89112854003906,13.279815673828125,0.0
1771503094.671858,-57.02684020996094,45.959877014160156,-0.7142025828361511,0.0,77.10531616210938,69.0100326538086,13.227417945861816,0.0
1771503094.6847486,-54.6877326965332,49.728248596191406,-5.295678615570068,0.0,76.57424926757812,70.57978057861328,13.109313011169434,0.0
1771503094.7012253,-52.65968322753906,57.54603576660156,10.58088207244873,0.0,76.0900650024414,71.57459259033203,12.445344924926758,0.0
1771503094.723378,-52.968284606933594,61.06938934326172,-6.377476692199707,0.0,76.04042053222656,73.85981750488281,12.494857788085938,0.0
1771503094.740376,-53.061126708984375,62.34626388549805,-12.073437690734863,0.0,76.98194885253906,77.47947692871094,13.160050392150879,0.0
1771503094.7578073,-52.930023193359375,62.882728576660156,-10.801080703735352,0.0846836194396019,77.86866760253906,81.25079345703125,11.751358985900879,0.0
1771503094.7749438,-51.621986389160156,66.228759765625,-12.073527336120605,0.0,78.93814849853516,84.82244873046875,10.57953929901123,0.0
1771503094.792138,-52.314064025878906,60.1845588684082,-3.8322625160217285,0.0,80.20034790039062,88.89395141601562,11.07084846496582,0.0
1771503094.8093915,-51.89727783203125,66.17262268066406,-6.900140762329102,0.0,82.55937194824219,94.7865219116211,12.501995086669922,0.0
1771503094.828519,-52.088348388671875,66.02957916259766,-5.157708644866943,0.0,83.37252807617188,101.92340087890625,15.560550689697266,0.0
1771503094.8431427,-56.57954406738281,72.2280502319336,-4.567264080047607,0.0,83.20113372802734,106.67049407958984,14.59858226776123,0.0
1771503094.8588214,-55.2242546081543,78.48990631103516,-2.2743027210235596,0.0,82.9933090209961,111.22657775878906,14.592325210571289,0.0
1771503094.876846,-55.60550308227539,82.40013885498047,-4.189101696014404,0.0,82.76908874511719,120.55142974853516,25.981069564819336,0.0
1771503094.8929234,-56.35665512084961,86.49236297607422,-2.379467725753784,0.0,84.91744995117188,129.2978515625,36.31760025024414,0.0
1771503094.9101284,-56.57770919799805,91.7642822265625,-2.111450433731079,0.0,87.77030181884766,140.06959533691406,39.8593635559082,0.0
1771503094.9287689,-56.82688522338867,98.27372741699219,-2.707771062850952,0.0,89.64948272705078,150.3699188232422,39.02809524536133,0.0
1771503094.9451308,-56.93247985839844,107.07539367675781,1.9091697931289673,0.0,89.96977996826172,159.6565399169922,36.85092544555664,0.0
1771503094.9625587,-57.90312576293945,117.95611572265625,5.4746904373168945,0.0,90.4597396850586,168.39219665527344,34.057273864746094,0.0
1771503094.9786346,-60.98712921142578,133.0065155029297,13.116406440734863,0.0,89.93415832519531,176.30970764160156,33.24054718017578,0.0
1771503094.9960525,-64.09335327148438,149.36341857910156,21.863920211791992,0.0,89.7051773071289,185.55120849609375,33.31602096557617,0.0
1771503095.0102065,-65.20512390136719,158.51522827148438,19.343027114868164,0.0,89.58170318603516,195.31497192382812,33.405025482177734,0.0
1771503095.029472,-65.96656799316406,167.94757080078125,17.69020652770996,0.0,89.8762435913086,205.53121948242188,33.705875396728516,0.0
1771503095.0471625,-65.87454986572266,179.49562072753906,16.238100051879883,0.0,89.68727111816406,215.5640869140625,34.208309173583984,0.0
1771503095.0655081,-65.2828369140625,191.4873504638672,16.193082809448242,0.0,89.67034912109375,225.47593688964844,35.84042739868164,0.0
1771503095.0835006,-64.41361999511719,203.13902282714844,17.17212677001953,0.0,89.5306167602539,235.59463500976562,36.83222198486328,0.0
1771503095.1019835,-64.46470642089844,215.16259765625,18.56382942199707,0.0,89.14127349853516,245.1218719482422,36.662269592285156,0.0
1771503095.1214552,-64.75345611572266,226.02928161621094,19.659793853759766,0.0,89.04745483398438,254.4390106201172,36.32383728027344,0.0
1771503095.1380389,-65.04145050048828,236.84219360351562,19.914676666259766,0.0,89.03340148925781,263.3885192871094,35.8890495300293,0.0
1771503095.156807,-64.85191345214844,244.32528686523438,20.505348205566406,0.0,88.7738037109375,271.6810607910156,35.88098907470703,0.0
1771503095.1740568,-64.00848388671875,251.32662963867188,20.894990921020508,0.0,88.0444107055664,279.1081237792969,35.86160659790039,0.0
1771503095.1941428,-63.10283279418945,258.21722412109375,21.583784103393555,0.0,87.66221618652344,286.3263854980469,36.650108337402344,0.0
1771503095.2126203,-63.28445053100586,265.93975830078125,21.245969772338867,0.0,87.30549621582031,292.978271484375,37.41805648803711,0.0
1771503095.2283113,-62.54570007324219,272.43719482421875,21.626615524291992,0.0,87.16992950439453,298.85345458984375,37.50812530517578,0.0
1771503095.243427,-61.54512023925781,277.61041259765625,21.31025505065918,0.0,86.66447448730469,303.76031494140625,37.8690185546875,0.0
1771503095.2596896,-60.851070404052734,283.20330810546875,21.84730339050293,0.0,86.29276275634766,308.7557067871094,38.053932189941406,0.0
1771503095.2766843,-59.94215774536133,289.1784973144531,22.579986572265625,0.0,85.75365447998047,312.9885559082031,38.30833435058594,0.0
1771503095.2923,-59.871639251708984,295.7706298828125,23.154216766357422,0.0,85.76441955566406,317.8277282714844,38.7525520324707,0.0
1771503095.3095996,-59.12449264526367,301.8840026855469,23.915807723999023,0.0,84.86734008789062,321.6551208496094,38.784942626953125,0.0
1771503095.3257384,-58.34122085571289,306.3141784667969,24.14185333251953,0.0,83.97675323486328,325.7499694824219,39.257022857666016,0.0
1771503095.3438072,-58.00184631347656,311.10028076171875,25.014747619628906,0.0,83.19922637939453,328.4224548339844,39.48701477050781,0.0
1771503095.3602047,-57.710323333740234,316.6755065917969,26.54866600036621,0.0,82.64927673339844,332.18756103515625,41.20878219604492,0.0
1771503095.3774056,-57.34250259399414,321.447021484375,27.089357376098633,0.0,82.11383819580078,335.8184814453125,42.25974655151367,0.0
1771503095.3952322,-57.10224914550781,325.70416259765625,27.55992317199707,0.0,81.34092712402344,339.623779296875,42.415626525878906,0.0
1771503095.411398,-56.66151428222656,330.5333557128906,27.659597396850586,0.0,80.78273010253906,343.2077331542969,40.13637924194336,0.0
1771503095.4284716,-56.27499771118164,335.4298400878906,27.191476821899414,0.0,79.7973403930664,346.21234130859375,40.255863189697266,0.0
1771503095.4473424,-55.93947219848633,339.2779846191406,26.78292465209961,0.0,78.83058166503906,349.1893005371094,40.97447967529297,0.0
1771503095.46574,-55.83346176147461,342.2110290527344,27.185712814331055,0.0,78.66792297363281,353.2010498046875,40.4503173828125,0.0
1771503095.482225,-55.86072540283203,345.3900451660156,27.02231216430664,0.0,78.64360809326172,356.6873474121094,39.672462463378906,0.0
1771503095.4999962,-56.0687255859375,350.0721435546875,26.95489501953125,0.0,78.534912109375,359.3044128417969,40.20418167114258,0.0
1771503095.517899,-56.522727966308594,354.16400146484375,27.45193099975586,0.0,78.38912200927734,361.7447204589844,40.787818908691406,0.0
1771503095.5354369,-56.958534240722656,357.7511291503906,27.631568908691406,0.0,78.27083587646484,364.5171813964844,40.94247055053711,0.0
1771503095.5516145,-57.152015686035156,360.98394775390625,27.499588012695312,0.0,78.41989135742188,367.1864929199219,41.197265625,0.0
1771503095.5749214,-57.293556213378906,365.0738525390625,27.01515007019043,0.0,78.6326675415039,370.8233642578125,41.95736312866211,0.0
1771503095.5904179,-57.620609283447266,369.6458435058594,26.981645584106445,0.0,78.82687377929688,374.0807800292969,42.81415939331055,0.0
1771503095.6084723,-58.02944564819336,373.2928771972656,27.144573211669922,0.0,79.21439361572266,378.1177978515625,43.074520111083984,0.0
1771503095.623432,-58.25634765625,376.031982421875,26.63922691345215,0.0,79.30390167236328,381.737060546875,43.494590759277344,0.0
1771503095.641471,-58.157196044921875,377.7558288574219,25.966121673583984,0.0,78.82643127441406,383.45343017578125,43.629432678222656,0.0
1771503095.6589496,-58.08367156982422,379.8270263671875,25.753509521484375,0.0,78.2955322265625,385.11871337890625,44.045860290527344,0.0
1771503095.6750605,-58.059574127197266,382.38037109375,26.087862014770508,0.0,77.8978500366211,387.64208984375,44.716773986816406,0.0
1771503095.6924324,-58.06847381591797,385.56414794921875,26.496784210205078,0.0,77.52677917480469,390.6889953613281,45.42287826538086,0.0
1771503095.708534,-58.365821838378906,389.6527099609375,26.912555694580078,0.0,77.15753936767578,393.279052734375,45.42563247680664,0.0
1771503095.7260888,-58.63603973388672,393.40631103515625,27.467792510986328,0.0,76.94880676269531,395.8466491699219,45.349491119384766,0.0
1771503095.7454164,-58.93893814086914,397.0692443847656,28.03386878967285,0.0,76.77232360839844,399.55462646484375,46.10903549194336,0.0
1771503095.7652483,-59.25032043457031,401.1931457519531,28.1265926361084,0.0,76.94921112060547,403.21844482421875,46.97064208984375,0.0
1771503095.7806473,-59.12500762939453,404.9375,28.525529861450195,0.0,77.30406188964844,406.5733642578125,48.24028778076172,0.0
1771503095.7944274,-58.75141525268555,407.5140380859375,29.35934066772461,0.0,77.62147521972656,409.4805603027344,49.318634033203125,0.0
1771503095.81009,-58.19844436645508,410.6294860839844,30.200313568115234,0.0,77.93785858154297,412.0098571777344,50.45075607299805,0.0
1771503095.828414,-58.163238525390625,415.2392578125,31.894344329833984,0.0,77.9165267944336,414.2265625,50.553749084472656,0.0
1771503095.8465233,-57.721004486083984,418.0264892578125,32.708152770996094,0.0,77.80238342285156,416.215576171875,50.81388854980469,0.0
1771503095.8653715,-57.25065231323242,420.23406982421875,33.0512809753418,0.0,77.33334350585938,418.11712646484375,50.36398696899414,0.0
1771503095.8841262,-56.5135498046875,423.3828125,33.21982192993164,0.0,77.05766296386719,420.5742492675781,50.7701416015625,0.0
1771503095.8982432,-55.424461364746094,425.83172607421875,33.6258430480957,0.0,76.95870971679688,423.3914794921875,51.302669525146484,0.0
1771503095.9212868,-54.77410888671875,429.64776611328125,33.56972122192383,0.0,77.47889709472656,426.5752258300781,51.75503921508789,0.0
1771503095.938837,-54.216365814208984,432.38836669921875,34.17110061645508,0.0,77.9945068359375,429.69158935546875,52.31536865234375,0.0
1771503095.9565084,-53.700408935546875,433.8885192871094,35.981380462646484,0.0,77.7667007446289,431.95367431640625,52.17466735839844,0.0
1771503095.9725428,-53.506282806396484,435.06329345703125,37.729644775390625,0.0,77.48878479003906,432.7535095214844,52.59811019897461,0.0
1771503095.9903314,-53.420684814453125,436.2815856933594,39.04832077026367,0.0,77.13098907470703,433.703125,54.12614059448242,0.0
1771503096.0091684,-53.39775848388672,436.8427734375,40.24406433105469,0.0,77.06620025634766,434.5970153808594,55.022335052490234,0.0
1771503096.0255358,-53.452423095703125,438.36663818359375,41.08641815185547,0.0,76.64053344726562,436.3752136230469,55.18772506713867,0.0
1771503096.0393815,-53.68792724609375,440.65765380859375,41.322452545166016,0.0,76.47967529296875,438.060302734375,54.81117630004883,0.0
1771503096.0601797,-53.77980041503906,442.6689453125,41.78733444213867,0.0,75.91783142089844,439.7861633300781,54.106632232666016,0.0
1771503096.076648,-53.636260986328125,443.380615234375,42.65544891357422,0.0,75.34734344482422,441.6295166015625,53.157432556152344,0.0
1771503096.0935705,-53.80533218383789,444.1698303222656,43.680850982666016,0.0,74.87290954589844,443.29278564453125,52.252559661865234,0.0
1771503096.1115432,-53.993133544921875,444.7032165527344,44.36434555053711,0.0,74.49491119384766,443.83953857421875,51.534324645996094,0.0
1771503096.126848,-53.96418762207031,445.06011962890625,45.18169021606445,0.0,74.15983581542969,443.8240661621094,51.461631774902344,0.0
1771503096.1423903,-53.90016174316406,445.03973388671875,46.46881103515625,0.0,73.84029388427734,443.52374267578125,51.67425537109375,0.0
1771503096.1607692,-54.02869415283203,445.3274230957031,47.653438568115234,0.0,73.88229370117188,443.2751770019531,52.403038024902344,0.0
1771503096.180516,-54.14779281616211,445.1286926269531,48.10477066040039,0.0,74.2894058227539,443.3525085449219,53.78669738769531,0.0
1771503096.1980865,-54.29434585571289,443.9966125488281,48.31971740722656,0.0,74.65961456298828,442.9493408203125,54.579864501953125,0.0
1771503096.2153723,-54.27042007446289,441.6629333496094,47.785770416259766,0.0,74.90315246582031,442.2980651855469,54.49495315551758,0.0
1771503096.2310028,-54.24844741821289,439.4154968261719,46.9077033996582,0.0,75.24552917480469,441.0684509277344,54.81636047363281,0.0
1771503096.2471938,-54.510929107666016,436.4965515136719,46.33868408203125,0.0,75.62899017333984,439.0797424316406,55.269775390625,0.0
1771503096.266038,-55.01460647583008,433.427001953125,45.77042770385742,0.0,75.86485290527344,436.1595764160156,55.55230712890625,0.0
1771503096.2815597,-55.690284729003906,431.498291015625,45.42068099975586,0.0,76.04977416992188,432.6319274902344,55.510337829589844,0.0
1771503096.3035085,-56.61878204345703,429.20880126953125,45.44303894042969,0.0,75.93650817871094,428.2826232910156,55.293880462646484,0.0
1771503096.317342,-57.38681411743164,425.3302307128906,45.490665435791016,0.0,75.61930084228516,423.2900085449219,55.14836120605469,0.0
1771503096.3349712,-58.15962219238281,420.4684143066406,45.84718322753906,0.0,75.5563735961914,418.51873779296875,55.64215087890625,0.0
1771503096.3526237,-59.017581939697266,416.1130676269531,46.1521110534668,0.0,75.39632415771484,413.6603088378906,55.31942367553711,0.0
1771503096.3701046,-59.65656280517578,411.739501953125,46.24394989013672,0.0,74.8835678100586,408.532470703125,54.29596710205078,0.0
1771503096.388091,-60.06832504272461,406.76422119140625,47.01599884033203,0.0,74.43277740478516,402.8620300292969,53.259521484375,0.0
1771503096.406489,-60.56930160522461,400.87060546875,48.402950286865234,0.0,74.2732925415039,397.6339416503906,52.803409576416016,0.0
1771503096.4242368,-60.60826110839844,394.8382568359375,49.66908264160156,0.0,73.90513610839844,392.1205749511719,52.13263702392578,0.0
1771503096.4410913,-60.72449493408203,388.03619384765625,50.39314651489258,0.0,73.35393524169922,386.4458312988281,51.27405548095703,0.0
1771503096.455427,-60.77409362792969,380.1014404296875,51.03804397583008,0.0,73.0186996459961,380.5434265136719,50.82855224609375,0.0
1771503096.4723563,-60.89699935913086,372.2073974609375,50.9701042175293,0.0,72.96571350097656,375.9652099609375,51.11235427856445,0.0
1771503096.4902096,-61.1352424621582,364.73553466796875,51.05501174926758,0.0,73.1938705444336,371.13458251953125,50.83007049560547,0.0
1771503096.510206,-61.3155632019043,357.2617492675781,50.13301467895508,0.0,73.437744140625,366.1318359375,50.563297271728516,0.0
1771503096.52602,-61.81769561767578,351.340087890625,49.31133270263672,0.0,73.46068572998047,361.2186279296875,50.193077087402344,0.0
1771503096.544315,-62.29350280761719,344.0739440917969,48.49470520019531,0.0,73.33712768554688,356.16680908203125,49.99237823486328,0.0
1771503096.560061,-62.84865951538086,337.4607238769531,47.639305114746094,0.0,73.16998291015625,351.1116027832031,49.87137222290039,0.0
1771503096.575201,-63.234283447265625,331.2671203613281,46.009037017822266,0.0,73.04090881347656,346.0683898925781,49.53311538696289,0.0
1771503096.5948195,-63.85646438598633,324.97552490234375,44.37052536010742,0.0,72.85794830322266,340.6916809082031,49.72734832763672,0.0
1771503096.6127903,-64.60699462890625,318.6887512207031,43.7518424987793,0.0,72.69979858398438,334.713623046875,49.916831970214844,0.0
1771503096.6333225,-65.42986297607422,312.64642333984375,42.93706512451172,0.0,72.52655029296875,329.0132751464844,50.32051086425781,0.0
1771503096.6487963,-66.04175567626953,306.7335510253906,41.60300064086914,0.0,72.55229187011719,324.19287109375,50.72293472290039,0.0
1771503096.6611567,-66.60423278808594,300.53741455078125,40.81606674194336,0.0,72.87715148925781,319.3385009765625,50.897186279296875,0.0
1771503096.6832423,-67.30777740478516,294.8847961425781,39.764305114746094,0.0,72.90472412109375,313.67401123046875,50.601829528808594,0.0
1771503096.7005875,-67.87434387207031,288.95111083984375,38.59516525268555,0.0,72.72697448730469,308.14434814453125,50.60857391357422,0.0
1771503096.7166626,-68.29212951660156,283.1136779785156,37.640506744384766,0.0,72.6989517211914,302.05059814453125,50.43368148803711,0.0
1771503096.735031,-68.54479217529297,277.66131591796875,36.489627838134766,0.0,72.6816635131836,295.455322265625,50.43327713012695,0.0
1771503096.750507,-68.69551086425781,271.6590881347656,35.07244110107422,0.0,72.43513488769531,288.1283264160156,50.60660934448242,0.0
1771503096.7702925,-69.5224609375,266.6952819824219,34.52759552001953,0.0,72.56881713867188,281.4538269042969,50.39808654785156,0.0
1771503096.7880814,-69.91606903076172,261.1522216796875,34.473873138427734,0.0,73.02507019042969,275.5101013183594,50.29399490356445,0.0
1771503096.8030858,-70.25527954101562,255.63633728027344,34.54619216918945,0.0,73.16007995605469,269.3291320800781,50.43135070800781,0.0
1771503096.8218973,-70.62297058105469,250.36605834960938,34.508575439453125,0.0,73.3762435913086,262.7789611816406,50.28813552856445,0.0
1771503096.8415966,-70.56071472167969,244.11732482910156,34.683780670166016,0.0,73.55393981933594,256.02972412109375,50.143226623535156,0.0
1771503096.8567588,-70.47676086425781,237.84368896484375,35.36920166015625,0.0,73.5045394897461,249.2308807373047,50.10190200805664,0.0
1771503096.8747625,-70.51905059814453,231.9412384033203,36.14568328857422,0.0,73.0693588256836,242.37771606445312,50.066001892089844,0.0
1771503096.892845,-70.45563507080078,226.4071502685547,36.23516082763672,0.0,72.97502136230469,236.31234741210938,49.94110870361328,0.0
1771503096.9079776,-70.29815673828125,220.903076171875,36.311058044433594,0.0,72.46554565429688,229.59291076660156,49.59482192993164,0.0
1771503096.9263375,-70.25984191894531,215.41424560546875,36.5659065246582,0.0,72.00365447998047,222.886962890625,49.154056549072266,0.0
1771503096.9433637,-70.015625,209.1736297607422,36.37657165527344,0.0,71.38159942626953,215.9427947998047,48.70832061767578,0.0
1771503096.9604907,-69.74269104003906,203.04164123535156,35.36030578613281,0.0,70.63121032714844,209.7001190185547,47.89059829711914,0.0
1771503096.9776676,-69.5501708984375,197.20974731445312,34.405006408691406,0.0,69.94586944580078,204.64234924316406,47.140541076660156,0.0
1771503096.9941654,-69.58365631103516,192.70941162109375,32.67827224731445,0.0,69.08454895019531,199.22496032714844,45.73760223388672,0.0
1771503097.011082,-69.33016967773438,187.28199768066406,31.077877044677734,0.0,68.04573059082031,193.1107177734375,44.698970794677734,0.0
1771503097.0288098,-69.47917938232422,182.3050994873047,30.57320213317871,0.0,67.02193450927734,186.68563842773438,43.87711715698242,0.0
1771503097.044681,-69.52269744873047,177.61866760253906,29.655353546142578,0.0,66.36390686035156,180.49295043945312,42.4326286315918,0.0
1771503097.0632582,-69.52576446533203,172.77142333984375,28.51366424560547,0.0,65.7851333618164,174.38497924804688,41.93673324584961,0.0
1771503097.0816143,-69.85553741455078,168.6099853515625,26.994836807250977,0.0,64.9926986694336,168.2836151123047,42.049049377441406,0.0
1771503097.0950449,-70.08971405029297,164.47348022460938,26.64438247680664,0.0,65.0250473022461,163.51512145996094,43.30832290649414,0.0
1771503097.1136174,-70.3671646118164,160.110595703125,26.22583770751953,0.0,65.74002838134766,159.34542846679688,42.14809036254883,0.0
1771503097.1291475,-70.52112579345703,155.6462860107422,25.38080596923828,0.0,65.5976333618164,155.41282653808594,40.998043060302734,0.0
1771503097.1452613,-70.32333374023438,151.30824279785156,25.32932472229004,0.0,65.75263977050781,152.42568969726562,41.030845642089844,0.0
1771503097.1672182,-70.452392578125,147.65208435058594,25.637283325195312,0.0,63.58967590332031,148.8533477783203,42.45967102050781,0.0
1771503097.1862059,-70.54835510253906,144.47125244140625,25.636377334594727,0.0,65.2750015258789,144.5828094482422,37.720611572265625,0.0
1771503097.2018862,-70.67512512207031,141.0904083251953,25.55307388305664,0.0,66.34610748291016,143.33041381835938,37.06259536743164,0.0
1771503097.222267,-70.59857940673828,137.02490234375,25.764801025390625,0.0,67.83090209960938,144.46531677246094,38.605838775634766,0.0
1771503097.2388003,-70.5767822265625,132.72560119628906,26.518295288085938,0.0,70.13961791992188,142.84642028808594,38.23996353149414,0.0
1771503097.2563267,-70.56210327148438,128.23121643066406,26.00703239440918,0.0,71.45897674560547,141.9965362548828,39.02625274658203,0.0
1771503097.2720537,-70.2876205444336,123.13076782226562,25.212820053100586,0.0,72.77642059326172,140.75344848632812,39.623291015625,0.0
1771503097.2919767,-69.63190460205078,118.57667541503906,24.5198917388916,0.0,72.9827651977539,137.33700561523438,38.310428619384766,0.0
1771503097.3088806,-69.48174285888672,114.8983383178711,23.815359115600586,0.0,74.38777923583984,135.30125427246094,38.92338943481445,0.0
1771503097.3251758,-67.17579650878906,110.54861450195312,21.102928161621094,0.0,75.43980407714844,133.42100524902344,39.17460632324219,0.0
1771503097.3429434,-66.16915893554688,109.08837127685547,18.8048095703125,0.0,76.23834991455078,131.86537170410156,39.331356048583984,0.0
1771503097.3589163,-64.9227523803711,103.90113830566406,15.325332641601562,0.0,77.69142150878906,131.21963500976562,40.240169525146484,0.0
1771503097.3759522,-64.396484375,101.61571502685547,16.878992080688477,0.0,78.93318176269531,130.28770446777344,43.76133728027344,0.0
1771503097.394711,-64.4894790649414,100.54174041748047,17.391822814941406,0.0,79.93512725830078,128.59384155273438,46.49641036987305,0.0
1771503097.4125931,-63.636619567871094,96.201904296875,18.22199058532715,0.0,80.84656524658203,126.32047271728516,48.38151550292969,0.0
1771503097.4282708,-64.15924835205078,93.5369644165039,18.88001251220703,0.0,81.70320129394531,124.25983428955078,48.7364387512207,0.0
1771503097.443636,-65.79302215576172,89.16668701171875,18.260005950927734,0.0,82.24502563476562,121.92656707763672,48.4881477355957,0.0
1771503097.4577162,-68.15382385253906,87.59821319580078,19.60247230529785,0.0,82.25949096679688,119.20259857177734,47.68406295776367,0.0
1771503097.4748795,-70.07538604736328,83.25415802001953,20.71535873413086,0.0,82.22760009765625,116.55452728271484,47.63338088989258,0.0
1771503097.4943366,-73.711181640625,81.29690551757812,22.694435119628906,0.0,82.08670806884766,113.75309753417969,47.72884750366211,0.0
1771503097.5120833,-76.1146469116211,81.83033752441406,24.6118106842041,0.0,81.6802978515625,111.14946746826172,49.01424789428711,0.0
1771503097.5281599,-79.85606384277344,81.86060333251953,28.269838333129883,0.0,82.0392837524414,109.54679870605469,49.42345428466797,0.0
1771503097.547235,-80.80966186523438,82.5311050415039,30.527902603149414,0.0,81.94171142578125,108.04663848876953,50.80478286743164,0.0
1771503097.5661452,-82.17256927490234,81.66960906982422,35.1895751953125,0.0,81.62313079833984,107.58292388916016,53.65441131591797,0.0
1771503097.5834827,-81.29988098144531,80.93860626220703,39.38911056518555,0.0,81.74897003173828,107.84246826171875,57.264400482177734,0.0
1771503097.603763,-79.95206451416016,81.3734359741211,43.2263298034668,0.0,81.4269790649414,108.62876892089844,59.6865348815918,0.0
1771503097.615762,-77.00247192382812,82.11773681640625,43.363609313964844,0.0,81.70429992675781,109.22198486328125,61.83710861206055,0.0
1771503097.6371853,-74.50585174560547,82.88690948486328,42.7724723815918,0.0,81.42545318603516,110.22200775146484,62.4498405456543,0.0
1771503097.6538005,-73.81678009033203,84.49151611328125,42.02846145629883,0.0,80.7804946899414,111.10165405273438,62.46062469482422,0.0
1771503097.668643,-74.64313507080078,88.7809829711914,42.467308044433594,0.0,79.7570571899414,110.55632019042969,61.85324478149414,0.0
1771503097.6896718,-75.95890808105469,93.91285705566406,43.41394805908203,0.0,78.90290069580078,109.76153564453125,60.535736083984375,0.0
1771503097.7113552,-77.90697479248047,98.67398071289062,44.09850311279297,0.0,78.113525390625,109.37326049804688,58.73833465576172,0.0
1771503097.7245424,-80.05542755126953,103.7320327758789,46.22194290161133,0.0,77.75481414794922,110.8928451538086,57.694129943847656,0.0
1771503097.7365518,-81.53074645996094,108.44088745117188,46.68812561035156,0.0,77.46723175048828,113.75423431396484,56.55263900756836,0.0
1771503097.7597792,-82.37506103515625,112.05673217773438,47.42550277709961,0.0,78.32276153564453,117.27630615234375,55.42735290527344,0.0
1771503097.77713,-82.0184555053711,114.2852554321289,47.26812744140625,0.0,80.66303253173828,122.29268646240234,55.83687210083008,0.0
1771503097.7950137,-83.16040802001953,117.15213775634766,49.94745635986328,0.0,83.40980529785156,128.1909637451172,56.17012023925781,0.0
1771503097.8106062,-82.54572296142578,119.76862335205078,52.11384201049805,0.0,86.1141586303711,133.8193359375,56.379798889160156,0.0
1771503097.8262048,-80.08576202392578,121.29998016357422,53.48311996459961,0.0,88.2767562866211,138.9444122314453,56.3226203918457,0.0
1771503097.8436296,-80.10794830322266,123.08524322509766,54.418514251708984,0.0,89.26620483398438,143.7776641845703,56.525291442871094,0.0
1771503097.8605072,-81.57330322265625,126.71569061279297,56.488346099853516,0.0,90.20983123779297,149.0354766845703,57.22072982788086,0.0
1771503097.8780289,-83.49529266357422,130.25257873535156,57.58776092529297,0.0,90.60380554199219,153.5631866455078,58.25320053100586,0.0
1771503097.893741,-84.99959564208984,133.76976013183594,58.629520416259766,0.0,91.43898010253906,157.98448181152344,59.23274230957031,0.0
1771503097.9109197,-85.35736846923828,136.24192810058594,58.426979064941406,0.0,91.03038787841797,160.72251892089844,59.543609619140625,0.0
1771503097.9304008,-85.21905517578125,137.88946533203125,57.46462631225586,0.0,91.49108123779297,163.1837615966797,58.866310119628906,0.0
1771503097.9542546,-84.99697875976562,140.42947387695312,56.95275115966797,0.0,92.11746215820312,166.18678283691406,58.012699127197266,0.0
1771503097.9675457,-84.63164520263672,143.4521942138672,56.438758850097656,0.0,93.07147979736328,170.00865173339844,57.2492790222168,0.0
1771503097.9812028,-84.01838684082031,146.74737548828125,55.37395477294922,0.0,93.73702239990234,174.2172088623047,56.73312759399414,0.0
1771503097.9957447,-83.7432861328125,150.090087890625,54.018638610839844,0.0,94.80851745605469,179.13255310058594,55.988037109375,0.0
1771503098.017812,-83.7667465209961,154.05026245117188,52.83452224731445,0.0,95.77107238769531,184.8258056640625,54.89620590209961,0.0
1771503098.0317326,-84.12187957763672,159.53240966796875,51.65575408935547,0.0,96.86830139160156,191.29933166503906,53.95820999145508,0.0
1771503098.0519547,-84.86610412597656,166.39935302734375,51.30975341796875,0.0,97.32832336425781,196.8667755126953,51.813106536865234,0.0
1771503098.0700932,-85.6402359008789,173.6676483154297,50.823455810546875,0.0,97.81587982177734,201.88377380371094,49.67192077636719,0.018888482823967934
1771503098.089175,-86.91831970214844,180.4447021484375,49.403167724609375,0.0,97.86058044433594,206.5782928466797,48.13441467285156,0.04737592861056328
1771503098.1050751,-86.61939239501953,186.85073852539062,49.39692306518555,0.0,97.57067108154297,211.3907928466797,47.07143783569336,0.049185216426849365
1771503098.1230536,-86.58199310302734,192.54656982421875,48.65872573852539,0.0,97.08972930908203,216.3698272705078,46.757972717285156,0.06252599507570267
1771503098.1416051,-86.32624053955078,199.52207946777344,49.06904983520508,0.0,97.3889389038086,222.5637664794922,46.4537353515625,0.04379791393876076
1771503098.1591556,-85.29296875,205.79103088378906,48.67818069458008,0.0,97.29059600830078,228.88934326171875,46.6346549987793,0.0
1771503098.1751184,-85.05683135986328,212.4260711669922,48.20169448852539,0.0,97.18269348144531,235.71353149414062,46.89321517944336,0.0
1771503098.1931133,-84.81734466552734,219.8636932373047,47.84598922729492,0.0,96.69615936279297,240.93373107910156,46.50923156738281,0.0
1771503098.2103431,-84.56775665283203,227.75010681152344,48.52410888671875,0.0,96.1565170288086,246.05975341796875,46.151248931884766,0.0
1771503098.2269604,-84.6485824584961,237.2300262451172,48.750022888183594,0.0,95.74917602539062,251.3258819580078,46.08237838745117,0.0
1771503098.2435634,-84.41476440429688,246.090576171875,49.002071380615234,0.0,95.15484619140625,256.7082214355469,46.068267822265625,0.0
1771503098.260438,-83.1822738647461,254.14735412597656,48.97954559326172,0.0,94.44776916503906,262.5313720703125,46.36562728881836,0.027526728808879852
1771503098.2779627,-82.54357147216797,262.7641906738281,49.16720962524414,0.0,93.90374755859375,268.6007080078125,46.82081604003906,0.044399626553058624
1771503098.2971666,-81.82164764404297,271.3284912109375,49.949527740478516,0.0,93.70376586914062,274.3313293457031,48.55348205566406,0.03847739100456238
1771503098.311979,-80.48409271240234,279.6745910644531,51.038719177246094,0.0,93.35932922363281,280.139404296875,51.03483963012695,0.018468666821718216
1771503098.328976,-79.29817199707031,287.6414794921875,52.0838508605957,0.0,93.14156341552734,285.43426513671875,54.34245681762695,0.0
1771503098.3454328,-78.11824798583984,295.5818786621094,54.04500961303711,0.0,93.25538635253906,291.7007141113281,57.51643371582031,0.0
1771503098.3638859,-77.04498291015625,302.8954162597656,55.074798583984375,0.0,93.48941802978516,297.5215759277344,60.86787796020508,0.0
1771503098.3820105,-75.95767211914062,309.1471252441406,55.46223831176758,0.0,93.82696533203125,303.2656555175781,62.8557243347168,0.0
1771503098.3975275,-74.56878662109375,314.7240905761719,56.104881286621094,0.0,94.43492126464844,309.2000732421875,64.1513671875,0.0
1771503098.412942,-73.58192443847656,321.8098449707031,57.882972717285156,0.0,94.22268676757812,314.8628234863281,65.96798706054688,0.0
1771503098.4291506,-72.87850952148438,329.0502014160156,59.024375915527344,0.0,94.23991394042969,320.6166687011719,67.42996215820312,0.0
1771503098.4459224,-72.17076110839844,335.1411437988281,60.04355239868164,0.0,93.81781005859375,326.2997131347656,68.45779418945312,0.0
1771503098.4647915,-72.09198760986328,341.4900817871094,60.618404388427734,0.0,93.38014221191406,330.8542175292969,68.82621765136719,0.0
1771503098.4822044,-71.30219268798828,348.07550048828125,62.38803482055664,0.0,92.92158508300781,335.78033447265625,69.88379669189453,0.0
1771503098.5062835,-70.97459411621094,354.7940979003906,63.72807312011719,0.0,92.33697509765625,340.5960998535156,70.86819458007812,0.0
1771503098.522982,-70.77357482910156,360.2724609375,64.76229858398438,0.0,91.52455139160156,345.2528076171875,71.34782409667969,0.0
1771503098.5389068,-70.29833984375,365.5304260253906,65.56683349609375,0.0,91.23853302001953,350.4870300292969,73.06990814208984,0.0
1771503098.5575438,-70.05794525146484,372.2283020019531,67.2496109008789,0.0,90.86084747314453,355.98846435546875,74.56956481933594,0.0
1771503098.5753376,-70.55628967285156,379.2705078125,68.51127624511719,0.0,91.51602935791016,361.83258056640625,76.67176818847656,0.0
1771503098.5913346,-70.27622985839844,383.98052978515625,69.16950225830078,0.0,91.57776641845703,366.5491027832031,77.79895782470703,0.0
1771503098.6091573,-69.83675384521484,387.7687072753906,69.75518798828125,0.0,90.62371826171875,370.0071716308594,78.08008575439453,0.0
1771503098.627233,-69.79663848876953,392.2742919921875,70.79938507080078,0.0,90.2181396484375,374.2029724121094,78.68079376220703,0.0
1771503098.642715,-69.75489807128906,396.7677917480469,72.03013610839844,0.0,90.47966766357422,379.55426025390625,79.81837463378906,0.0
1771503098.6585605,-70.00467681884766,401.03179931640625,72.88262176513672,0.0,89.6534423828125,383.33013916015625,81.0895004272461,0.0
1771503098.6794205,-70.51790618896484,405.76141357421875,73.68684387207031,0.0,89.52967071533203,387.0426330566406,81.75004577636719,0.0
1771503098.699297,-70.58660125732422,409.2641906738281,74.66059875488281,0.0,89.33164978027344,391.0247802734375,81.77455139160156,0.0
1771503098.7111347,-70.68612670898438,412.64813232421875,75.7323989868164,0.0,89.0318832397461,395.0412292480469,81.6465835571289,0.0
1771503098.7266538,-71.02790069580078,415.777099609375,76.84809875488281,0.0,88.46927642822266,398.09710693359375,81.80856323242188,0.0
1771503098.7424972,-71.42200469970703,418.5630187988281,77.59500122070312,0.0,87.9817123413086,401.57720947265625,81.9638900756836,0.0
1771503098.7594318,-71.87959289550781,421.63427734375,78.55375671386719,0.0,87.76638793945312,405.0118713378906,82.57946014404297,0.0
1771503098.776322,-71.96142578125,424.3733825683594,79.29756927490234,0.0,87.9018783569336,408.73046875,83.21715545654297,0.0
1771503098.7947946,-71.79706573486328,426.339599609375,80.06591033935547,0.0,87.86988830566406,411.8814392089844,83.53878021240234,0.0
1771503098.8124335,-71.87883758544922,428.2446594238281,81.14676666259766,0.0,87.92212677001953,415.0484619140625,84.1815414428711,0.0
1771503098.8305802,-71.99165344238281,430.2279968261719,82.38580322265625,0.017501603811979294,88.05632019042969,417.73187255859375,84.88963317871094,0.0
1771503098.8458421,-72.22126770019531,431.7093200683594,83.860595703125,0.04116639494895935,88.18921661376953,420.1569519042969,85.64507293701172,0.0
1771503098.8617873,-72.4504623413086,432.105224609375,84.2650146484375,0.03384582698345184,88.68853759765625,422.74188232421875,86.10336303710938,0.0
1771503098.8822749,-72.82323455810547,433.0106201171875,84.494140625,0.009633725509047508,89.0797119140625,425.10595703125,86.90990447998047,0.0
1771503098.898265,-73.16264343261719,434.5795593261719,84.6476058959961,0.0,89.28036499023438,426.6892395019531,87.83659362792969,0.0
1771503098.9193854,-73.36328887939453,435.7373352050781,85.10076141357422,0.0,89.64810180664062,427.71820068359375,88.7074966430664,0.0
1771503098.934457,-73.65339660644531,436.8321533203125,85.45451354980469,0.0,89.85696411132812,428.8289794921875,89.34932708740234,0.0
1771503098.9553347,-74.0075454711914,438.021240234375,85.73844146728516,0.0,90.0522232055664,430.038330078125,89.91202545166016,0.0
1771503098.973294,-74.31107330322266,439.6997375488281,86.42513275146484,0.0,90.0041732788086,430.824462890625,90.42351531982422,0.0
1771503098.9901388,-74.59905242919922,440.9566955566406,86.55007934570312,0.0,90.18164825439453,432.1627197265625,91.39896392822266,0.0
1771503099.0057738,-74.9391098022461,442.2073669433594,86.7203140258789,0.0,90.1834487915039,433.113525390625,92.28250122070312,0.0
1771503099.0254679,-75.01555633544922,443.0787353515625,86.6857681274414,0.0,89.6092758178711,432.4983215332031,93.05374145507812,0.0
1771503099.0439951,-74.9636459350586,442.9360046386719,87.19524383544922,0.0,88.56145477294922,431.2810363769531,93.2406234741211,0.0
1771503099.057746,-74.87468719482422,442.14031982421875,87.47168731689453,0.0,87.86890411376953,431.2773742675781,92.87741088867188,0.0
1771503099.0739505,-74.60370635986328,440.89300537109375,87.48728942871094,0.0,87.22227478027344,432.1673889160156,92.0510482788086,0.0
1771503099.0924475,-74.4938735961914,439.9168701171875,87.53570556640625,0.0,86.31287384033203,432.9117736816406,91.15149688720703,0.0
1771503099.1084704,-74.52995300292969,439.35369873046875,87.57427215576172,0.0,85.58002471923828,433.8984069824219,90.92132568359375,0.0
1771503099.1250837,-74.57192993164062,438.88348388671875,87.55943298339844,0.0,84.65316009521484,433.4013366699219,90.25428771972656,0.0
1771503099.1440513,-74.79589080810547,438.1726989746094,87.64027404785156,0.0,83.95960998535156,431.8656005859375,89.93374633789062,0.0
1771503099.157995,-74.78915405273438,437.1402587890625,87.55409240722656,0.0,83.61595916748047,431.1827087402344,90.26449584960938,0.0
1771503099.1758316,-74.74132537841797,435.9940490722656,87.01775360107422,0.0,83.345458984375,431.1974182128906,90.38935089111328,0.0
1771503099.1922739,-74.73473358154297,435.0263671875,86.62548065185547,0.0,83.10569763183594,431.4140319824219,90.541015625,0.0
1771503099.2100954,-74.483154296875,433.4568176269531,86.00096893310547,0.0,82.832763671875,430.86346435546875,90.6458511352539,0.0
1771503099.232076,-74.2596206665039,432.0876159667969,85.74388885498047,0.0,82.49707794189453,430.1982116699219,90.5657958984375,0.0
1771503099.2454753,-73.7848892211914,430.4995422363281,85.1702880859375,0.0,82.07547760009766,429.13275146484375,90.3688735961914,0.0
1771503099.2621737,-73.50572967529297,428.89349365234375,85.21443939208984,0.0,81.69815063476562,428.28350830078125,90.24654388427734,0.0
1771503099.2808733,-73.13961029052734,427.3096008300781,84.99933624267578,0.0,81.18846893310547,427.2650146484375,89.68641662597656,0.0
1771503099.3015347,-72.94134521484375,425.0865173339844,84.97074890136719,0.0,80.45989990234375,425.8807678222656,89.12184143066406,0.0
1771503099.3173149,-72.80218505859375,423.1238098144531,84.77977752685547,0.0,79.96322631835938,424.2205505371094,89.00333404541016,0.0
1771503099.334501,-72.61476135253906,420.66998291015625,84.7232894897461,0.0,79.33146667480469,422.0246887207031,88.77517700195312,0.0
1771503099.351342,-72.42538452148438,417.51141357421875,85.09545135498047,0.0,78.43024444580078,420.50030517578125,87.87796020507812,0.0
1771503099.3679662,-72.33222198486328,414.046875,85.22359466552734,0.0,77.35844421386719,418.06365966796875,86.6975326538086,0.0
1771503099.3903112,-72.61156463623047,411.1415710449219,85.08914184570312,0.0,76.21837615966797,415.49505615234375,85.77503204345703,0.0
1771503099.405059,-72.9681167602539,407.4339294433594,85.13823699951172,0.0,75.31730651855469,412.67791748046875,85.50666809082031,0.0
1771503099.4215562,-72.96044921875,402.9479064941406,85.10780334472656,0.0,74.30647277832031,409.70965576171875,85.42376708984375,0.0
1771503099.440133,-73.02332305908203,398.20123291015625,84.74832916259766,0.0,73.35783386230469,405.84832763671875,85.23699951171875,0.0
1771503099.4567149,-73.27244567871094,394.5092468261719,83.93450927734375,0.0,72.73676300048828,402.3077392578125,85.12523651123047,0.0
1771503099.4741325,-73.65450286865234,390.2779846191406,83.07145690917969,0.0,71.9803466796875,397.54669189453125,84.80545806884766,0.0
1771503099.4913037,-74.26007080078125,385.5989074707031,82.5625228881836,0.0,71.67072296142578,392.4391174316406,84.3982925415039,0.0
1771503099.5086627,-74.58780670166016,379.479248046875,81.76390075683594,0.0,71.63965606689453,386.7326965332031,84.18594360351562,0.0
1771503099.5238702,-75.38174438476562,374.40203857421875,81.22553253173828,0.0,71.73721313476562,381.3470458984375,83.83182525634766,0.0
1771503099.5410035,-76.27640533447266,369.5491027832031,80.64434051513672,0.0,72.01986694335938,374.7571105957031,84.04122924804688,0.0
1771503099.5615826,-77.08622741699219,364.6549377441406,80.47882843017578,0.0,72.41315460205078,367.8231506347656,84.25739288330078,0.0
1771503099.5779424,-77.68002319335938,358.79888916015625,79.95610046386719,0.0,72.36483001708984,361.40008544921875,84.49388885498047,0.0
1771503099.5939589,-78.27397155761719,352.28778076171875,79.53035736083984,0.0,72.3659896850586,355.5316467285156,84.23503112792969,0.0
1771503099.6104681,-78.91399383544922,345.6910705566406,79.68974304199219,0.0,72.16484069824219,349.7024841308594,83.52385711669922,0.0
1771503099.626368,-79.477783203125,339.8600769042969,79.1982650756836,0.0,72.28236389160156,344.49273681640625,83.04255676269531,0.0
1771503099.6441581,-79.6537094116211,333.59588623046875,78.34905242919922,0.0,72.72311401367188,339.1282043457031,82.47057342529297,0.0
1771503099.662528,-79.6808853149414,327.313232421875,77.42428588867188,0.0,73.60294342041016,333.37945556640625,82.27996063232422,0.0
1771503099.678518,-79.61675262451172,320.7356262207031,76.87674713134766,0.0,74.80226135253906,327.41162109375,81.78526306152344,0.0
1771503099.6954353,-79.76202392578125,314.4144287109375,76.33705139160156,0.0,75.7064208984375,320.2369689941406,80.77177429199219,0.0
1771503099.71254,-80.31640625,308.45599365234375,75.65625762939453,0.0,76.73963928222656,313.25836181640625,80.06159973144531,0.0
1771503099.7304816,-80.61497497558594,301.282958984375,74.33429718017578,0.0,77.63890838623047,306.2287902832031,78.85186004638672,0.0
1771503099.7516186,-81.13748168945312,294.9638977050781,73.05108642578125,0.0,78.51515197753906,298.7999572753906,77.7563247680664,0.0
1771503099.7685506,-81.18290710449219,288.7031555175781,71.21353149414062,0.0,79.21271514892578,292.34686279296875,76.34463500976562,0.0
1771503099.786805,-81.54594421386719,283.0021667480469,70.26492309570312,0.0,79.6951675415039,285.84332275390625,75.31920623779297,0.0
1771503099.8038251,-81.8018569946289,277.3888244628906,69.56304168701172,0.0,79.80580139160156,279.77508544921875,73.86964416503906,0.0
1771503099.8217347,-81.93560028076172,271.5646057128906,68.77464294433594,0.0,79.65518951416016,273.6573486328125,73.14239501953125,0.0
1771503099.8403463,-81.82528686523438,265.8823547363281,67.39241027832031,0.0,79.75572967529297,267.96044921875,72.05086517333984,0.0
1771503099.856385,-81.79562377929688,260.3570251464844,65.72177124023438,0.0,79.79680633544922,262.0221862792969,70.9755859375,0.0
1771503099.8741083,-81.36701965332031,253.65771484375,64.61442565917969,0.0,79.86288452148438,255.91781616210938,69.84066772460938,0.0
1771503099.891329,-81.47972869873047,247.9158935546875,64.30696105957031,0.0,80.22551727294922,249.35328674316406,69.52047729492188,0.0
1771503099.907325,-81.43091583251953,242.28604125976562,64.09553527832031,0.0,80.484375,243.38865661621094,69.23446655273438,0.0
1771503099.9244304,-81.26168823242188,236.80914306640625,63.896934509277344,0.0,80.7069091796875,238.08473205566406,68.31816101074219,0.0
1771503099.9423401,-81.1719970703125,231.3319854736328,63.65488815307617,0.0,81.31929016113281,233.17999267578125,67.43746948242188,0.0
1771503099.9581513,-80.89703369140625,225.89959716796875,62.653594970703125,0.0,81.50755310058594,228.8342742919922,66.7577133178711,0.0
1771503099.9744623,-80.6856918334961,220.0245361328125,62.065460205078125,0.0,81.54283905029297,224.06674194335938,66.02812194824219,0.0
1771503099.993369,-80.57542419433594,214.90003967285156,61.38677215576172,0.0,81.59442138671875,220.6123504638672,65.17356872558594,0.0
1771503100.0081956,-80.52362823486328,209.57028198242188,60.47347640991211,0.0,81.34088897705078,216.62783813476562,64.15674591064453,0.0
1771503100.025774,-80.42142486572266,203.99021911621094,59.36904525756836,0.0,80.91532135009766,212.11451721191406,62.89303207397461,0.0
1771503100.0420408,-80.56486511230469,198.59613037109375,58.152137756347656,0.0,80.45817565917969,207.92349243164062,61.685340881347656,0.0
1771503100.0586822,-80.66651916503906,192.88168334960938,55.812801361083984,0.0,80.33747863769531,203.62709045410156,60.074256896972656,0.0
1771503100.076839,-80.51217651367188,186.0771026611328,54.23843765258789,0.0,80.43692779541016,198.6226043701172,60.02046203613281,0.0
1771503100.0951478,-80.57577514648438,179.96255493164062,52.20337677001953,0.0,80.5988540649414,194.09561157226562,59.578224182128906,0.0
1771503100.1125913,-81.1270980834961,174.50143432617188,50.578556060791016,0.0,81.0877456665039,189.9248809814453,58.44190979003906,0.0
1771503100.1288939,-81.52682495117188,169.09542846679688,48.842979431152344,0.0,81.12318420410156,185.10638427734375,58.02220916748047,0.0
1771503100.1470475,-81.59459686279297,163.59585571289062,47.2772331237793,0.0,81.843505859375,181.02362060546875,58.4607048034668,0.0
1771503100.1655858,-80.5419692993164,156.88987731933594,47.3095817565918,0.0,82.3521728515625,176.7004852294922,58.02583312988281,0.0
1771503100.1832025,-79.84766387939453,151.43812561035156,45.64463806152344,0.0,82.80464172363281,172.39122009277344,57.61320114135742,0.0
1771503100.2029598,-78.65898132324219,146.23434448242188,43.247745513916016,0.0,83.55589294433594,167.99725341796875,56.6367073059082,0.0
1771503100.2202935,-74.78667449951172,139.7196044921875,40.259429931640625,0.0,84.28707885742188,163.2040252685547,55.449825286865234,0.0
1771503100.2362366,-79.42787170410156,136.53582763671875,36.43437957763672,0.13547387719154358,85.0490493774414,158.41543579101562,54.87576675415039,0.0
1771503100.2549107,-80.55840301513672,127.07171630859375,34.79469299316406,0.0,85.91910552978516,152.8023223876953,54.580772399902344,0.0
1771503100.2731435,-84.26716613769531,122.8319320678711,33.751487731933594,0.0,87.2061767578125,147.6702117919922,53.57121276855469,0.0
1771503100.2904954,-77.31529235839844,118.83141326904297,38.752952575683594,0.0,88.39047241210938,141.5424346923828,53.07364273071289,0.0
1771503100.306408,-75.56970977783203,112.35640716552734,32.6851921081543,0.0,90.28253936767578,136.95904541015625,52.88021469116211,0.0
1771503100.322873,-74.33194732666016,105.18489837646484,29.009689331054688,0.0,91.07202911376953,131.48141479492188,51.49462127685547,0.0
1771503100.3419921,-73.76655578613281,100.33406066894531,30.11618995666504,0.051670752465724945,92.13751983642578,126.90438842773438,49.96770095825195,0.0
1771503100.3591146,-75.06726837158203,96.94499206542969,29.851604461669922,0.0,92.37594604492188,122.66939544677734,47.999420166015625,0.0
1771503100.3751788,-75.16910552978516,92.1529312133789,28.357309341430664,0.0,91.8812484741211,117.78677368164062,46.84214782714844,0.0
1771503100.3921647,-75.79939270019531,88.63789367675781,28.973068237304688,0.02701992727816105,91.53849029541016,113.50668334960938,45.803226470947266,0.0
1771503100.409061,-73.52657318115234,84.65415954589844,28.179407119750977,0.023366393521428108,91.3440933227539,109.76235961914062,46.385223388671875,0.0
1771503100.4252675,-71.8639907836914,80.31316375732422,27.53339195251465,0.062055554240942,92.11722564697266,107.25052642822266,48.75907897949219,0.0
1771503100.4434986,-71.78385925292969,76.57225036621094,28.872814178466797,0.06420332193374634,93.22470092773438,105.64726257324219,51.507076263427734,0.0
1771503100.4601505,-73.04828643798828,72.69844818115234,29.853506088256836,0.25974294543266296,93.76107788085938,104.48872375488281,53.8790283203125,0.0
1771503100.4772341,-80.37671661376953,78.10906982421875,34.256465911865234,0.0,95.37197875976562,104.55496215820312,56.80851745605469,0.0
1771503100.493747,-83.5328369140625,78.61554718017578,39.753787994384766,0.0,95.34204864501953,103.8411636352539,59.118080139160156,0.0
1771503100.5103061,-86.44125366210938,80.13835144042969,43.98263931274414,0.0,95.41302490234375,103.57752990722656,60.95439147949219,0.0
1771503100.5274422,-87.81909942626953,83.19892883300781,48.017311096191406,0.0,95.46177673339844,103.89997100830078,63.084991455078125,0.0
1771503100.5458732,-90.39657592773438,86.96925354003906,52.8914680480957,0.0,94.76583862304688,103.36656951904297,65.08663177490234,0.0
1771503100.563503,-91.29315948486328,89.24528503417969,58.99668502807617,0.0,94.15990447998047,103.06964874267578,67.38419342041016,0.0
1771503100.5824857,-90.4131851196289,90.54846954345703,63.68602752685547,0.0,93.5185317993164,102.6866226196289,68.8999252319336,0.0
1771503100.6001904,-89.37408447265625,90.13032531738281,66.09188079833984,0.0,93.5445327758789,102.35926055908203,70.04764556884766,0.0
1771503100.621992,-90.72869110107422,89.19915008544922,69.08966827392578,0.0,94.07935333251953,102.39666748046875,71.41535186767578,0.0
1771503100.6388419,-91.91551971435547,89.7571792602539,73.17357635498047,0.0,94.68937683105469,103.28347778320312,71.92157745361328,0.0
1771503100.6551924,-93.42192077636719,92.9666748046875,75.17224884033203,0.05840817838907242,94.8577880859375,103.71228790283203,73.02180480957031,0.0
1771503100.6722388,-95.60960388183594,96.76581573486328,75.87551879882812,0.04244278743863106,93.5077896118164,104.08043670654297,74.73817443847656,0.0
1771503100.6902409,-97.84567260742188,100.35226440429688,76.4067153930664,0.0,92.42752838134766,104.74199676513672,78.26001739501953,0.0
1771503100.7066648,-99.38334655761719,103.4702377319336,77.34223937988281,0.01719755493104458,91.43791198730469,106.03632354736328,80.5329818725586,0.0
1771503100.7237809,-100.79715728759766,106.74398040771484,77.5118637084961,0.0,91.27400207519531,108.67683410644531,83.2653579711914,0.11063326150178909
1771503100.7425811,-101.62969970703125,110.03396606445312,77.42164611816406,0.0,91.79912567138672,112.22396087646484,85.52487182617188,0.30372297763824463
1771503100.7580914,-102.99555206298828,113.31996154785156,75.82009887695312,0.0,92.52611541748047,117.07125854492188,85.85926818847656,0.37351810932159424
1771503100.7756798,-103.95462036132812,116.98726654052734,74.23175811767578,0.0,93.72984313964844,123.32766723632812,85.32403564453125,0.4403887093067169
1771503100.7918277,-103.99262237548828,120.6368408203125,72.97787475585938,0.0,95.88126373291016,132.11004638671875,85.24100494384766,0.5123069882392883
1771503100.8086464,-103.55451202392578,123.47042083740234,71.26914978027344,0.0,98.9919662475586,143.13272094726562,85.92144775390625,0.6541200280189514
1771503100.8259392,-103.19159698486328,127.13597869873047,68.96247863769531,0.0,102.65631866455078,155.178955078125,86.63040924072266,0.6900063753128052
1771503100.8426795,-102.92723083496094,130.44747924804688,65.23596954345703,0.0,103.89154815673828,165.8031005859375,86.5030746459961,0.6329568028450012
1771503100.8601954,-102.40516662597656,136.11373901367188,62.07741165161133,0.0,102.7934341430664,173.18569946289062,84.61103057861328,0.5704821348190308
1771503100.8772244,-100.63288879394531,142.2393341064453,58.83905029296875,0.0,103.29556274414062,180.87890625,81.41741943359375,0.49120229482650757
1771503100.8947372,-98.51946258544922,149.43414306640625,56.72021484375,0.0,102.42774963378906,187.81704711914062,80.2511215209961,0.6077823042869568
1771503100.9102092,-97.63541412353516,157.99139404296875,54.804710388183594,0.0,101.52598571777344,193.36474609375,79.61886596679688,0.5885494947433472
1771503100.92709,-98.78118896484375,166.3941650390625,51.376583099365234,0.0,102.19190979003906,198.7538604736328,78.62761688232422,0.39015433192253113
1771503100.9446194,-100.09626007080078,175.86264038085938,48.97081756591797,0.0,102.5482177734375,203.9183349609375,76.83527374267578,0.281710684299469
1771503100.9617252,-101.64180755615234,186.4436492919922,45.907230377197266,0.0,102.41563415527344,210.2950897216797,74.6611099243164,0.33448004722595215
1771503100.9789515,-103.85248565673828,196.03871154785156,44.541259765625,0.0,101.67601013183594,216.2642364501953,71.56488800048828,0.2326514571905136
1771503100.9981356,-105.36954498291016,204.46018981933594,42.10653305053711,0.0,100.91545867919922,223.9094696044922,69.5560531616211,0.19230762124061584
1771503101.0151699,-106.18101501464844,213.2223663330078,38.66612243652344,0.0,100.89601135253906,234.32025146484375,67.73707580566406,0.14305312931537628
1771503101.0374317,-107.36766052246094,221.8454132080078,34.815765380859375,0.0,100.91291809082031,244.77597045898438,65.32235717773438,0.13079127669334412
1771503101.052113,-108.09492492675781,230.8216094970703,31.787586212158203,0.0,100.49650573730469,253.6639404296875,62.632354736328125,0.08714605867862701
1771503101.0682507,-109.88496398925781,240.755126953125,28.479930877685547,0.0,99.81812286376953,260.0744934082031,59.83361053466797,0.00010506680700927973
1771503101.0841765,-112.01555633544922,251.89598083496094,25.143157958984375,0.0,99.49262237548828,266.0498046875,57.311580657958984,0.0
1771503101.1044447,-113.38827514648438,261.4988708496094,22.9331111907959,0.0,98.75979614257812,271.7298889160156,55.1789665222168,0.0
1771503101.1228187,-113.54006958007812,269.6144104003906,22.52020263671875,0.0,97.82848358154297,278.71795654296875,54.583553314208984,0.0
1771503101.1412513,-113.64134979248047,276.6180725097656,21.975173950195312,0.0,97.04859924316406,285.3345031738281,54.37562561035156,0.0
1771503101.1566768,-113.81277465820312,282.91876220703125,20.410602569580078,0.0,96.3037109375,291.4580383300781,53.973472595214844,0.0012330291792750359
1771503101.1758957,-113.53288269042969,288.5056457519531,19.530071258544922,0.0,95.83676147460938,298.5602722167969,53.86279296875,0.0
1771503101.1926563,-112.96654510498047,295.06854248046875,19.694229125976562,0.0,95.55335998535156,305.3097839355469,53.83533477783203,0.0
1771503101.207967,-112.21711730957031,300.6792297363281,20.017824172973633,0.0,95.52715301513672,311.9850769042969,53.940757751464844,0.0
1771503101.2266695,-111.53034210205078,306.53826904296875,20.161849975585938,0.0,95.08275604248047,317.10919189453125,53.56889724731445,0.0
1771503101.243585,-110.61885070800781,312.00946044921875,20.549571990966797,0.0,94.42447662353516,321.52789306640625,53.298919677734375,0.0
1771503101.259061,-109.7027359008789,318.4930725097656,22.104127883911133,0.0,93.32569885253906,326.55889892578125,53.627906799316406,0.0
1771503101.2771568,-109.41043853759766,325.1786804199219,23.70463752746582,0.0,92.61629486083984,330.7607116699219,54.031803131103516,0.0
1771503101.2932825,-108.90968322753906,331.21722412109375,24.617616653442383,0.0,91.90327453613281,334.96661376953125,54.19977569580078,0.0
1771503101.3101804,-108.68849182128906,337.22906494140625,25.442758560180664,0.0,91.14076232910156,338.2691955566406,54.29435348510742,0.0
1771503101.326814,-107.8590087890625,342.2323913574219,27.26105499267578,0.0,90.47919464111328,342.648681640625,55.40473175048828,0.0
1771503101.3456943,-106.8774642944336,345.6318054199219,27.812732696533203,0.0,90.52731323242188,348.1143798828125,56.74294662475586,0.0
1771503101.362977,-106.37824249267578,350.2638854980469,28.43679428100586,0.0,90.39242553710938,352.77978515625,57.69628143310547,0.0
1771503101.378827,-105.32624816894531,353.7648620605469,29.370641708374023,0.0,90.25965118408203,356.67388916015625,58.48735427856445,0.0
1771503101.3944995,-104.23719787597656,358.19329833984375,30.752193450927734,0.0,89.80879974365234,360.13970947265625,59.438724517822266,0.0
1771503101.4125311,-103.19046020507812,361.9319152832031,31.499948501586914,0.0,90.03797912597656,363.37188720703125,59.69104766845703,0.0
1771503101.4325047,-102.25932312011719,365.3509216308594,32.643836975097656,0.0,89.82112121582031,365.5101013183594,59.47721862792969,0.0
1771503101.4489052,-101.34510040283203,368.5931396484375,33.969234466552734,0.0,89.70811462402344,367.30633544921875,59.56805419921875,0.0
1771503101.4677372,-100.80075073242188,372.5780334472656,34.554656982421875,0.0,89.60000610351562,368.8135070800781,59.44779586791992,0.0
1771503101.4866414,-100.08139038085938,375.92987060546875,35.821327209472656,0.0,89.64734649658203,370.3381042480469,59.49707794189453,0.0
1771503101.5017602,-99.6752700805664,379.48406982421875,37.137664794921875,0.0,89.68148803710938,371.6522521972656,59.41236877441406,0.0
1771503101.522629,-98.86753845214844,382.0764465332031,38.161888122558594,0.0,89.83154296875,373.4958190917969,59.42947006225586,0.0
1771503101.5403805,-98.11872100830078,384.57623291015625,38.96662902832031,0.0,90.02449035644531,374.87091064453125,59.44663619995117,0.0
1771503101.5555346,-97.43950653076172,387.19482421875,39.192291259765625,0.0,90.0728759765625,376.2540588378906,59.3327751159668,0.0007845117361284792
1771503101.5752094,-96.43859100341797,388.940185546875,39.18247604370117,0.0,90.25918579101562,378.2452392578125,59.25569534301758,0.03548562154173851
1771503101.5917778,-95.68013763427734,391.47564697265625,39.72197723388672,0.0,90.55435943603516,380.8072814941406,59.1412353515625,0.02827760949730873
1771503101.60851,-95.19225311279297,394.69805908203125,40.12408447265625,0.0,91.00453186035156,382.88885498046875,58.80297088623047,0.006760227028280497
1771503101.6278598,-94.5804214477539,397.514892578125,40.59077453613281,0.0008375534671358764,91.52901458740234,385.1361083984375,58.33339309692383,0.0
1771503101.6429589,-94.03628540039062,399.8404846191406,41.430908203125,0.012497667223215103,91.95143127441406,386.92578125,57.52019119262695,0.0
1771503101.6604428,-93.42618560791016,401.662353515625,42.1758918762207,0.01500353217124939,92.56198120117188,388.9361267089844,56.69831466674805,0.0
1771503101.6755059,-92.72208404541016,403.426025390625,42.460872650146484,0.04793187603354454,93.16317749023438,390.97906494140625,55.55885696411133,0.0
1771503101.6918092,-92.03292846679688,404.8782958984375,42.68509292602539,0.06513552367687225,93.75069427490234,393.1243591308594,54.49458312988281,0.0
1771503101.7106137,-91.34085083007812,406.3865661621094,42.866790771484375,0.077927365899086,94.41687774658203,395.0925598144531,53.56859588623047,0.0
1771503101.7268078,-90.6298599243164,407.9075622558594,43.11256790161133,0.012721480801701546,95.03388214111328,397.2442932128906,52.70410919189453,0.0
1771503101.742504,-89.97757720947266,409.4799499511719,43.49468994140625,0.0,95.53414154052734,399.1154479980469,51.83613586425781,0.0
1771503101.7602525,-89.1544418334961,410.5100402832031,44.0151252746582,0.0,95.6556625366211,400.5863952636719,50.869056701660156,0.0
1771503101.7763903,-88.31706237792969,410.9326477050781,44.81692123413086,0.0,95.59009552001953,401.3546142578125,49.83551025390625,0.0
1771503101.7942202,-87.7592544555664,411.7774658203125,45.3405876159668,0.0,95.38627624511719,401.6026306152344,48.98445510864258,0.0
1771503101.8126369,-87.17841339111328,413.1369323730469,45.5744514465332,0.0,95.25423431396484,401.69708251953125,48.55260467529297,0.0
1771503101.8288317,-86.71785736083984,413.5215759277344,45.96309280395508,0.0,95.19988250732422,402.0035400390625,48.382389068603516,0.0
1771503101.845223,-86.50897979736328,413.3813781738281,46.50262451171875,0.0,95.25386047363281,402.9705505371094,48.085472106933594,0.0
1771503101.8626378,-86.13534545898438,412.96588134765625,46.60502624511719,0.0,95.2174072265625,403.80877685546875,47.837955474853516,0.0
1771503101.882719,-85.7437515258789,412.1993408203125,46.91830062866211,0.0,95.16607666015625,404.6205749511719,47.70137405395508,0.0
1771503101.9012628,-85.36760711669922,411.4315490722656,47.16114044189453,0.0,94.92359161376953,405.3475341796875,47.65705108642578,0.0
1771503101.918186,-85.54454040527344,411.4175109863281,47.59441375732422,0.0,94.68431854248047,405.7408447265625,47.617103576660156,0.0
1771503101.9348795,-85.72379302978516,411.25286865234375,48.007240295410156,0.0,94.33485412597656,405.81658935546875,47.60160446166992,0.0
1771503101.9555209,-85.75227355957031,411.87359619140625,48.55947494506836,0.0,93.94752502441406,406.0259704589844,47.421260833740234,0.0
1771503101.9720602,-85.7052230834961,412.3110656738281,49.50050735473633,0.0,93.43891906738281,405.87457275390625,47.58747100830078,0.0
1771503101.9891798,-85.8215560913086,413.0229187011719,50.42802047729492,0.0,93.3031997680664,405.6221618652344,47.96021270751953,0.0
1771503102.0077207,-86.0125732421875,414.2778015136719,51.0164680480957,0.0,93.12728881835938,405.1064147949219,48.40074157714844,0.0
1771503102.0249083,-86.10711669921875,414.7163391113281,51.56478500366211,0.0,92.88729858398438,404.2937927246094,48.923728942871094,0.0
1771503102.0427074,-86.33087158203125,414.8939208984375,52.02642059326172,0.0,92.61888122558594,403.76568603515625,49.96561050415039,0.0
1771503102.0615826,-86.53169250488281,414.60089111328125,52.41371536254883,0.0,92.0931167602539,403.37884521484375,50.76134490966797,0.0
1771503102.0752974,-86.8551025390625,413.4776306152344,53.44584274291992,0.0,91.32332611083984,402.5902099609375,51.698944091796875,0.0
1771503102.0928216,-87.21514892578125,411.6062927246094,54.672607421875,0.0,90.28302001953125,401.0448913574219,52.638858795166016,0.0
1771503102.1114578,-88.1946029663086,410.61883544921875,56.580936431884766,0.0,89.26571655273438,398.9488830566406,53.922523498535156,0.0
1771503102.1283553,-89.03247833251953,408.097900390625,57.88142013549805,0.0,89.05764770507812,398.273681640625,55.761871337890625,0.0
1771503102.1469426,-89.90079498291016,404.824462890625,59.28190231323242,0.0,88.45252990722656,396.8396301269531,57.189151763916016,0.0
1771503102.1629963,-90.49501037597656,401.47088623046875,60.44382858276367,0.0,87.93032836914062,394.4698181152344,58.71235656738281,0.0
1771503102.1834,-90.4735107421875,396.0863952636719,61.565391540527344,0.0,87.34989166259766,391.28729248046875,60.227134704589844,0.0
1771503102.2004597,-90.92475128173828,390.2349853515625,63.234779357910156,0.0,87.00497436523438,388.1428527832031,61.841182708740234,0.0
1771503102.2187638,-91.24695587158203,383.8578186035156,65.13108825683594,0.0,86.61802673339844,384.49822998046875,63.74745178222656,0.0
1771503102.2390604,-91.71614074707031,377.6763916015625,67.8565444946289,0.0,85.92800903320312,380.0497131347656,65.88147735595703,0.0
1771503102.2560208,-91.92191314697266,371.8504638671875,70.29773712158203,0.0,85.35546875,373.7786865234375,68.22590637207031,0.0
1771503102.2725174,-92.17932891845703,364.5289306640625,72.57806396484375,0.0,84.69110870361328,366.48974609375,71.1100845336914,0.0
1771503102.289189,-92.72984313964844,358.2803649902344,74.18772888183594,0.0,84.12690734863281,360.1494445800781,72.56239318847656,0.0
1771503102.3079934,-93.59495544433594,351.6427307128906,76.16181182861328,0.0,83.74786376953125,353.6728820800781,74.12471008300781,0.0
1771503102.3249974,-94.36090087890625,343.8066711425781,78.83517456054688,0.0,83.63155364990234,346.8741760253906,75.2474136352539,0.0
